{
  "2-卖家发货" : {
    "transaction" : "2-卖家发货",
    "sampleCount" : 50,
    "errorCount" : 50,
    "errorPct" : 100.0,
    "meanResTime" : 4.52,
    "medianResTime" : 3.0,
    "minResTime" : 1.0,
    "maxResTime" : 35.0,
    "pct1ResTime" : 10.899999999999999,
    "pct2ResTime" : 11.0,
    "pct3ResTime" : 35.0,
    "throughput" : 10.727311735679038,
    "receivedKBytesPerSec" : 5.395083538940142,
    "sentKBytesPerSec" : 2.2923343300793824
  },
  "1-卖家登录" : {
    "transaction" : "1-卖家登录",
    "sampleCount" : 50,
    "errorCount" : 50,
    "errorPct" : 100.0,
    "meanResTime" : 12.2,
    "medianResTime" : 7.0,
    "minResTime" : 4.0,
    "maxResTime" : 75.0,
    "pct1ResTime" : 42.99999999999997,
    "pct2ResTime" : 59.0,
    "pct3ResTime" : 75.0,
    "throughput" : 10.539629005059023,
    "receivedKBytesPerSec" : 5.321277534780776,
    "sentKBytesPerSec" : 2.3860320272976394
  },
  "Total" : {
    "transaction" : "Total",
    "sampleCount" : 250,
    "errorCount" : 250,
    "errorPct" : 100.0,
    "meanResTime" : 6.66,
    "medianResTime" : 4.0,
    "minResTime" : 1.0,
    "maxResTime" : 75.0,
    "pct1ResTime" : 11.900000000000006,
    "pct2ResTime" : 21.0,
    "pct3ResTime" : 59.0,
    "throughput" : 52.55413075467732,
    "receivedKBytesPerSec" : 26.472090471936095,
    "sentKBytesPerSec" : 12.17469814221148
  },
  "确认收货+评价完整流程" : {
    "transaction" : "确认收货+评价完整流程",
    "sampleCount" : 50,
    "errorCount" : 50,
    "errorPct" : 100.0,
    "meanResTime" : 33.3,
    "medianResTime" : 18.0,
    "minResTime" : 14.0,
    "maxResTime" : 121.0,
    "pct1ResTime" : 67.9,
    "pct2ResTime" : 107.35,
    "pct3ResTime" : 121.0,
    "throughput" : 10.369141435089174,
    "receivedKBytesPerSec" : 26.11524976669432,
    "sentKBytesPerSec" : 12.010584625155538
  },
  "3-买家登录" : {
    "transaction" : "3-买家登录",
    "sampleCount" : 50,
    "errorCount" : 50,
    "errorPct" : 100.0,
    "meanResTime" : 6.340000000000001,
    "medianResTime" : 4.0,
    "minResTime" : 3.0,
    "maxResTime" : 21.0,
    "pct1ResTime" : 13.0,
    "pct2ResTime" : 15.449999999999996,
    "pct3ResTime" : 21.0,
    "throughput" : 13.034410844629823,
    "receivedKBytesPerSec" : 6.580850006517205,
    "sentKBytesPerSec" : 2.938088585114703
  },
  "4-买家确认收货" : {
    "transaction" : "4-买家确认收货",
    "sampleCount" : 50,
    "errorCount" : 50,
    "errorPct" : 100.0,
    "meanResTime" : 4.100000000000001,
    "medianResTime" : 3.0,
    "minResTime" : 1.0,
    "maxResTime" : 11.0,
    "pct1ResTime" : 10.0,
    "pct2ResTime" : 11.0,
    "pct3ResTime" : 11.0,
    "throughput" : 13.054830287206265,
    "receivedKBytesPerSec" : 6.565661716710182,
    "sentKBytesPerSec" : 2.827951615535248
  },
  "5-买家评价" : {
    "transaction" : "5-买家评价",
    "sampleCount" : 50,
    "errorCount" : 50,
    "errorPct" : 100.0,
    "meanResTime" : 6.14,
    "medianResTime" : 3.0,
    "minResTime" : 2.0,
    "maxResTime" : 22.0,
    "pct1ResTime" : 20.9,
    "pct2ResTime" : 21.449999999999996,
    "pct3ResTime" : 22.0,
    "throughput" : 13.164823591363875,
    "receivedKBytesPerSec" : 6.620980614797261,
    "sentKBytesPerSec" : 3.636011140731964
  }
}