{
  "Total" : {
    "transaction" : "Total",
    "sampleCount" : 47959,
    "errorCount" : 47959,
    "errorPct" : 100.0,
    "meanResTime" : 8.45797451990243,
    "medianResTime" : 3.0,
    "minResTime" : 0.0,
    "maxResTime" : 50.0,
    "pct1ResTime" : 18.0,
    "pct2ResTime" : 19.0,
    "pct3ResTime" : 32.9900000000016,
    "throughput" : 811.502732702753,
    "receivedKBytesPerSec" : 2121.4773588332714,
    "sentKBytesPerSec" : 0.0
  },
  "商品搜索" : {
    "transaction" : "商品搜索",
    "sampleCount" : 47959,
    "errorCount" : 47959,
    "errorPct" : 100.0,
    "meanResTime" : 8.45797451990243,
    "medianResTime" : 3.0,
    "minResTime" : 0.0,
    "maxResTime" : 50.0,
    "pct1ResTime" : 18.0,
    "pct2ResTime" : 19.0,
    "pct3ResTime" : 32.9900000000016,
    "throughput" : 811.502732702753,
    "receivedKBytesPerSec" : 2121.4773588332714,
    "sentKBytesPerSec" : 0.0
  }
}