{
  "输出库存一致性验证结果" : {
    "transaction" : "输出库存一致性验证结果",
    "sampleCount" : 1,
    "errorCount" : 1,
    "errorPct" : 100.0,
    "meanResTime" : 45.0,
    "medianResTime" : 45.0,
    "minResTime" : 45.0,
    "maxResTime" : 45.0,
    "pct1ResTime" : 45.0,
    "pct2ResTime" : 45.0,
    "pct3ResTime" : 45.0,
    "throughput" : 22.22222222222222,
    "receivedKBytesPerSec" : 6.684027777777778,
    "sentKBytesPerSec" : 0.0
  },
  "Total" : {
    "transaction" : "Total",
    "sampleCount" : 151,
    "errorCount" : 151,
    "errorPct" : 100.0,
    "meanResTime" : 41.97350993377482,
    "medianResTime" : 8.0,
    "minResTime" : 4.0,
    "maxResTime" : 370.0,
    "pct1ResTime" : 65.0,
    "pct2ResTime" : 158.80000000000027,
    "pct3ResTime" : 370.0,
    "throughput" : 24.56882525219655,
    "receivedKBytesPerSec" : 12.355279348356655,
    "sentKBytesPerSec" : 6.576940286365115
  },
  "用户登录" : {
    "transaction" : "用户登录",
    "sampleCount" : 100,
    "errorCount" : 100,
    "errorPct" : 100.0,
    "meanResTime" : 31.84999999999999,
    "medianResTime" : 7.0,
    "minResTime" : 4.0,
    "maxResTime" : 370.0,
    "pct1ResTime" : 57.900000000000006,
    "pct2ResTime" : 286.59999999999945,
    "pct3ResTime" : 370.0,
    "throughput" : 20.69108214359611,
    "receivedKBytesPerSec" : 10.446571746327333,
    "sentKBytesPerSec" : 5.251978584729981
  },
  "创建订单" : {
    "transaction" : "创建订单",
    "sampleCount" : 50,
    "errorCount" : 50,
    "errorPct" : 100.0,
    "meanResTime" : 62.16000000000001,
    "medianResTime" : 62.0,
    "minResTime" : 57.0,
    "maxResTime" : 72.0,
    "pct1ResTime" : 65.0,
    "pct2ResTime" : 69.24999999999997,
    "pct3ResTime" : 72.0,
    "throughput" : 675.6756756756756,
    "receivedKBytesPerSec" : 339.81735641891896,
    "sentKBytesPerSec" : 203.23057432432432
  }
}